source_file,session,scent,label,gas_trough_d,gas_mean_d,humid_peak_d,humid_mean_d,temp_d,gas_peak_d,gas_range_d,gas_slope,gas_recovery,gas_trough_pct,gas_skew,humid_recovery,humid_std,gas_late_slope,gas_std,time_to_trough
smell_baseline_2026-06-01.csv,baseline_2026-06-01,baseline,baseline,0.15000000000000568,1.1400000000000006,0.10333333333333172,-0.22666666666666657,0.08333333333332149,2.1500000000000057,2.0,0.014285714285714488,11.199999999999621,0.22848438690023717,0.22273717099420076,-4.387096774193684,0.1268857754044948,0.03695216907675203,0.5371840156470279,1
smell_baseline_2026-06-08.csv,baseline_2026-06-08_aft,baseline,baseline,-0.8666666666666742,0.8533333333333388,0.1799999999999855,-0.9850000000000207,0.1889999999999894,2.933333333333337,3.8000000000000114,-0.014285714285714488,3.9461538461538135,-1.148409893992943,0.3090011387202613,-13.074074074075078,0.8969996283908557,0.07886540600667548,1.2623787070447596,4
smell_baseline_2026-06-08.csv,baseline_2026-06-08_eve,baseline,baseline,-0.269999999999996,0.3750000000000142,0.20666666666664213,-0.14166666666668704,0.10299999999999443,1.230000000000004,1.5,0.03571428571428571,3.72839506172848,-0.3669974174255757,0.16701860032367347,-1.7096774193551028,0.1008161142322447,0.019532814238042477,0.3853245385386189,7
smell_baseline_2026-06-08.csv,baseline_2026-06-08_eve,baseline,baseline,-0.7066666666666492,0.2983333333333462,0.8466666666666782,0.08833333333334537,0.06616666666666404,0.7933333333333508,1.5,-0.007142857142856737,0.9056603773585137,-0.9471897060137378,-0.9847616035121961,-0.8267716535432992,0.20272449832771178,-0.035394883203558956,0.35469470440553996,54
smell_baseline_2026-07-17.csv,baseline_2026-07-17_aft,baseline,baseline,-2.9233333333333746,0.9916666666665606,0.646666666666647,-0.2600000000000051,0.03500000000000014,4.876666666666608,7.799999999999983,0.2642857142857155,1.578107183580369,-1.157648798130882,-0.3035965940503355,-1.051546391752598,0.20237478982213977,0.00605116796440719,1.3215931043000073,0
smell_baseline_2026-07-17.csv,baseline_2026-07-17_eve,baseline,baseline,-2.196666666666715,-0.7550000000001091,0.07666666666666799,-0.21999999999998465,0.10183333333333167,1.0033333333332735,3.1999999999999886,-0.10714285714285714,0.24279210925646882,-0.9264856809459073,0.010763871279027684,-5.000000000000142,0.1460213074253966,-0.03755283648498162,0.8754601964427371,50
smell_baseline_2026-07-17.csv,baseline_2026-07-17_eve,baseline,baseline,-3.1100000000000136,0.42166666666665265,-0.10666666666665492,-0.29333333333332234,0.08233333333334514,2.0900000000000034,5.200000000000017,0.0,1.2861736334405087,-1.353880980366555,-1.0832582263546138,-3.000000000000533,0.13719410418171077,0.12362625139043251,1.0659098877901865,31
smell_baseline_2026-07-17_1.csv,baseline_1,baseline,baseline,3.0700000000000216,10.298333333333403,-0.25,-0.7916666666666572,0.0016666666666722563,19.870000000000005,16.799999999999983,0.1499999999999996,4.186753528773022,1.280073385314607,0.20767559037363226,-3.759999999999991,0.3431674356475114,0.2503225806451645,4.385053844848682,0
smell_baseline_2026-07-17_1.csv,baseline_1,baseline,baseline,0.03333333333335986,2.236666666666679,1.0433333333333366,0.48833333333334394,-0.020333333333322656,4.333333333333314,4.2999999999999545,0.19285714285714203,23.26666666666597,0.012719409819394505,0.00018124655152049608,-0.19808306709264806,0.275333131557634,0.03793103448276007,1.0593971031781357,39
smell_baseline_2026-07-17_1.csv,baseline_1,baseline,baseline,-3.7933333333334076,-0.5966666666666924,1.0833333333333428,0.575000000000017,0.021666666666654066,1.906666666666581,5.699999999999989,-0.05714285714285795,0.35149384885763313,-1.4287866613097906,-0.2908364663191876,-0.08000000000000525,0.3484688731516145,-0.12411568409343868,1.4717298967164079,58
smell_black_opium_2026-05-29.csv,black_opium_2026-05-29_t0,black_opium,perfume,-39.72333333333333,-10.268333333333338,1.3433333333333408,0.2716666666666754,-0.22133333333334093,-0.12333333333333485,39.599999999999994,-1.4214285714285713,0.9732315179994966,-67.30106737448466,-1.1427884805887003,-0.9578163771712175,0.36013500554961636,0.1040489432703006,11.450653911458506,7
smell_black_opium_2026-05-31.csv,black_opium_2026-05-31_t0,black_opium,perfume,-45.349999999999994,-19.26666666666665,1.509999999999991,0.5033333333333374,-0.16383333333332573,0.8500000000000085,46.2,-2.9714285714285715,0.8829106945975743,-76.15449202350966,-0.4375417203016619,-0.9448123620309126,0.3586394041683406,0.3961067853170193,13.838788081170819,4
smell_black_opium_2026-06-01.csv,black_opium_2026-06-01_t0,black_opium,perfume,-48.97666666666667,-19.773333333333333,1.480000000000011,0.4166666666666785,-0.09033333333333005,0.5233333333333334,49.5,-2.7571428571428567,0.8340025862655688,-77.89323013306473,-0.8972584111341897,-0.8738738738738647,0.41148781539946316,0.10278086763070128,14.407139048248114,8
smell_blackberry_bay_2026-06-01.csv,blackberry_bay_2026-06-01_t0,blackberry_bay,perfume,-50.58999999999999,-26.706666666666642,0.7833333333333456,0.18000000000000682,-0.034999999999978826,0.3100000000000165,50.900000000000006,-3.45,0.7844765105093232,-77.96270611804592,0.026105135704455013,-0.8085106382978591,0.35164691887681254,0.7562180200222467,13.828933035085855,5
smell_blackberry_bay_2026-06-01.csv,blackberry_bay_2026-06-01_t1,blackberry_bay,perfume,-58.33333333333333,-41.138333333333335,5.946666666666644,3.013333333333314,-0.8176666666666605,0.06666666666666288,58.39999999999999,-3.971428571428571,0.5884571428571428,-91.09838625715773,0.48452573660506354,-0.26681614349775873,2.35617392302766,0.8881868743047838,14.325157648928917,4
smell_blackberry_bay_2026-06-01.csv,blackberry_bay_2026-06-01_t2,blackberry_bay,perfume,-35.23333333333333,-5.974999999999994,0.556666666666672,0.12999999999999545,0.041833333333332945,0.7666666666666728,36.0,-0.8071428571428569,1.003973509933775,-57.91780821917808,-1.9032175322645453,-1.0538922155688637,0.19567546828585555,0.10057842046718611,8.892811547661527,4
smell_bluebell_2026-06-01.csv,bluebell_2026-06-01_t0,bluebell,perfume,-45.93000000000001,-17.573333333333345,2.549999999999983,0.8799999999999812,-0.2118333333333453,0.8699999999999974,46.8,-3.3285714285714283,0.8698744466216706,-73.21855571496893,-0.555684883904901,-0.6169934640522934,0.5933801479658719,0.3320133481646272,12.065327273730382,14
smell_bluebell_2026-06-01.csv,bluebell_2026-06-01_t1,bluebell,perfume,-55.536666666666676,-21.321666666666665,3.0033333333333303,1.326666666666668,-0.264999999999997,-0.13666666666667027,55.400000000000006,-3.1571428571428575,0.8636936558429864,-84.74136615635014,-0.7517270910019852,-0.5726970033296339,1.1033836846516976,0.47904338153503845,15.418471876291763,9
smell_bluebell_2026-06-01.csv,bluebell_2026-06-01_t2,bluebell,perfume,-19.54666666666666,-3.751666666666658,0.8266666666666609,0.2883333333333127,-0.029333333333330103,0.45333333333333314,19.999999999999993,-0.5928571428571426,0.9638472032742157,-30.00409332787555,-1.7401505454899069,-0.7419354838709685,0.15608936186969594,0.03806451612903205,4.404256463922144,9
smell_lemon_2026-07-01.csv,lemon_2026-07-01_t0,lemon,fresh_plant,-30.960000000000008,-18.866666666666703,0.5500000000000114,-1.1699999999999946,0.5351666666666617,2.0399999999999636,32.99999999999997,-1.0499999999999992,0.06115417743324757,-11.711302768951432,0.6788957461780228,-4.484848484848382,0.6607571414672715,-0.2544160177975519,9.986688918533284,57
smell_lemon_2026-07-01_2.csv,lemon_2026-07-01_2_t0,lemon,fresh_plant,-98.49666666666664,-78.61999999999998,5.3733333333333135,3.588333333333317,-0.37966666666666526,1.8033333333333417,100.29999999999998,-6.571428571428569,0.20819655487495345,-37.86925373899447,3.2479897016678034,-0.3436724565756831,0.8797395447896308,0.343203559510569,16.74030432485888,10
smell_lemon_2026-07-01_3.csv,lemon_2026-07-01_3_t0,lemon,fresh_plant,-21.393333333333317,-14.09166666666664,3.336666666666659,1.7633333333333354,-0.11366666666666347,2.3066666666667004,23.700000000000017,-1.2714285714285722,0.40760361483328167,-9.698086977545401,1.684258860806343,-0.47152847152847394,0.6201791855764114,0.05241379310344949,4.180210986169107,17
smell_lemon_2026-07-02.csv,lemon_2026-07-02_t0,lemon,fresh_plant,-60.790000000000134,-43.70666666666688,5.386666666666677,2.371666666666684,-1.9223333333333414,0.10999999999989996,60.900000000000034,-3.5714285714285716,0.33338816691341866,-17.124426040170178,2.682567239885194,-0.1373762376237638,2.311047742186792,0.058264738598445796,9.967048487669537,10
smell_lemon_2026-07-02_2.csv,lemon_2026-07-02_2_t0,lemon,fresh_plant,-23.98666666666668,-16.82499999999999,5.516666666666666,3.6266666666666723,-1.0686666666666653,4.313333333333333,28.30000000000001,-2.0214285714285722,0.3279599777654254,-7.055178634456256,1.9648526956928658,-0.09425981873111841,1.63081779076225,0.228965517241381,5.933607437488782,14
smell_lemon_2026-07-02_3.csv,lemon_2026-07-02_3_t0,lemon,fresh_plant,-84.49666666666667,-61.745000000000005,8.88333333333334,3.806666666666686,-2.5131666666666668,-0.7966666666666242,83.70000000000005,-5.014285714285718,0.3167777821610325,-24.534693522004666,2.720797270518393,-0.21388367729831192,3.1964233484039974,0.22725250278086986,14.30458541478532,6
smell_lemon_2026-07-02_4.csv,lemon_2026-07-02_4_t0,lemon,fresh_plant,-80.59333333333336,-56.285000000000025,7.423333333333318,5.151666666666657,-0.6321666666666808,-4.293333333333351,76.30000000000001,-3.721428571428573,0.28769956158491183,-30.459321222504983,1.7385635362838892,-0.16883700044903452,1.4727628986213488,0.24938820912124499,14.959682390419331,25
smell_lemon_2026-07-02_5.csv,lemon_2026-07-02_5_t0,lemon,fresh_plant,-17.35333333333338,-9.345000000000056,4.810000000000002,2.70000000000001,-0.4851666666666574,1.5466666666666242,18.900000000000006,-1.2571428571428587,0.7184018440261218,-7.314263234798266,-0.03321648102818231,-0.309078309078307,0.7680494775728969,0.15639599555060843,5.190770388123737,18
smell_lemon_2026-07-03.csv,lemon_2026-07-03_t0,lemon,fresh_plant,-17.586666666666673,-11.533333333333331,3.7766666666666637,2.124999999999993,-0.26366666666666916,0.6133333333333155,18.19999999999999,-1.0428571428571425,0.43214556482183425,-7.1349363048711245,1.33737041124223,-0.3530450132391889,0.8640007073042372,0.0927252502780883,3.442066562723941,13
smell_mint_2026-07-01.csv,mint_2026-07-01_t0,mint,fresh_plant,-36.436666666666696,-25.416666666666686,4.759999999999998,2.606666666666669,-0.17599999999999127,-3.436666666666696,33.0,-1.5,0.1262464550361355,-15.423798168503348,1.2203471632348375,-0.3333333333333318,1.1910033118715029,-0.13759733036707367,8.156220529959532,49
smell_mint_2026-07-01_2.csv,mint_2026-07-01_2_t0,mint,fresh_plant,-54.75999999999996,-35.01333333333329,6.023333333333333,2.3416666666666615,-0.31216666666667336,2.7400000000000375,57.5,-3.7642857142857156,0.46992938884830787,-23.7405705367207,0.9167185687430418,-0.6651909241837289,1.25292879109531,0.9180645161290308,14.380652125531565,27
smell_mint_2026-07-02.csv,mint_2026-07-02_t0,mint,fresh_plant,-115.71999999999997,-86.87333333333328,6.663333333333341,3.9333333333333513,-0.39216666666666455,2.6800000000000352,118.4,-8.042857142857143,0.24824288512501416,-46.9986191211112,2.0936066376827176,-0.22511255627814095,1.549763422805774,0.19599555061179236,23.49766986083703,18
smell_mint_2026-07-02_new1.csv,mint_2026-07-02_new1_t0,mint,fresh_plant,-40.079999999999984,-29.503333333333302,2.220000000000006,1.1799999999999926,-0.18483333333333363,1.6200000000000045,41.69999999999999,-2.5999999999999983,0.3750831669993341,-17.085855571659984,1.8218077850307446,-0.3633633633633648,0.43019375479737837,0.42685205784204777,8.652867861132641,8
smell_mint_2026-07-02_new2.csv,mint_2026-07-02_new2_t0,mint,fresh_plant,-32.49333333333334,-17.40166666666667,5.523333333333333,1.2716666666666683,-0.11400000000001853,1.2066666666666492,33.69999999999999,-1.6499999999999997,0.6036109971276152,-14.251878709903801,0.027671488899216053,-0.7567893783946892,0.8956360247828855,0.14707452725250317,6.37027711764218,6
smell_mint_2026-07-02_new3.csv,mint_2026-07-02_new3_t0,mint,fresh_plant,-78.25000000000009,-53.46666666666678,3.876666666666665,-0.40833333333333854,-0.1993333333333247,5.849999999999909,84.1,-5.235714285714285,0.3810862619808305,-27.56737713581119,2.189616572222487,-1.1281169389509877,1.0827164910538676,0.6288097886540561,15.39219679650121,10
smell_mint_2026-07-03.csv,mint_2026-07-03_t0,mint,fresh_plant,-35.01000000000005,-21.476666666666745,2.1666666666666714,1.2550000000000097,-0.36666666666666003,2.089999999999975,37.10000000000002,-2.2642857142857156,0.5179472531657613,-12.800263244488333,0.8186502076762252,-0.4061538461538464,0.35500782463990194,0.29354838709677117,7.067641442203726,10
smell_mint_2026-07-03_2.csv,mint_2026-07-03_2_t0,mint,fresh_plant,-32.08000000000004,-23.133333333333383,2.4433333333333422,0.5466666666666669,-0.08050000000000068,2.019999999999982,34.10000000000002,-2.32857142857143,0.36596009975062327,-11.312504407927229,2.00215547738041,-0.8567530695770746,0.4370227555733098,0.1781979977753102,6.14080523131038,13
smell_mint_2026-07-03_3.csv,mint_2026-07-03_3_t0,mint,fresh_plant,-78.98999999999995,-61.01499999999993,3.920000000000016,2.3300000000000125,-0.11450000000001381,-2.2899999999999636,76.69999999999999,-3.5357142857142856,0.215048318352534,-27.833961732266804,2.2902610285177105,-0.338435374149657,0.795969011122083,0.6391101223581837,15.215853848316675,35
smell_orange_2026-05-29.csv,orange_2026-05-29_t0,orange,fresh_plant,-20.38000000000001,-16.20000000000001,11.56666666666667,5.234999999999999,-0.06650000000000134,-0.38000000000000966,20.0,-1.2428571428571427,0.17500817795224013,-33.75289831069892,2.8868515689359167,-0.30547550432276693,2.8951966926081014,0.03746384872080138,3.536325776848055,38
smell_orange_2026-05-31.csv,orange_2026-05-31_t0,orange,fresh_plant,-24.90999999999999,-18.861666666666657,10.06333333333334,5.429999999999993,-0.03899999999999437,-0.009999999999990905,24.9,-1.764285714285714,0.30054864177706414,-41.16674929763675,1.8619602371434882,-0.4829413713150046,1.8643735915553217,0.25528364849833196,5.664729816053798,14
smell_orange_2026-06-01.csv,orange_2026-06-01_t0,orange,fresh_plant,-27.563333333333333,-22.648333333333326,11.790000000000013,6.366666666666681,-0.4695000000000036,0.8366666666666731,28.400000000000006,-1.7285714285714289,0.08683033014874825,-41.72258943438115,2.8305784995628382,-0.3228724908114222,2.596174536163203,0.0001557285873196145,6.680764053110493,27
smell_orange_2026-07-16.csv,orange_2026-07-16_t0,orange,fresh_plant,-83.85333333333331,-63.82166666666666,3.3799999999999955,1.7099999999999795,-0.5109999999999957,10.746666666666698,94.60000000000001,-4.371428571428573,0.12402607727778654,-40.57681140718755,2.153755347234851,-0.36489151873767334,0.8616457121887929,0.10780867630700854,16.197041825249723,40
smell_orange_2026-07-16_2.csv,orange_2026-07-16_2_t0,orange,fresh_plant,-36.26666666666665,-28.129999999999967,3.1200000000000188,1.5200000000000102,-0.24516666666667675,4.833333333333343,41.099999999999994,-2.6500000000000017,0.09871323529411725,-20.52830188679245,2.076772657888752,-0.38247863247862846,0.7786740867226382,0.06847608453837717,10.910025460811518,41
smell_orange_2026-07-16_3.csv,orange_2026-07-16_3_t0,orange,fresh_plant,-44.206666666666734,-34.50000000000006,3.2900000000000063,1.8766666666666652,-0.279333333333323,2.2933333333332655,46.5,-2.6285714285714272,0.0683154878600514,-24.84823502960357,1.7883034536122433,-0.3809523809523793,0.7161160675632284,0.01888765294771915,13.452767579779096,23
smell_orange_2026-07-16_4.csv,orange_2026-07-16_4_t0,orange,fresh_plant,-26.26666666666665,-19.168333333333322,5.560000000000002,1.995000000000033,-0.28049999999998576,2.2333333333333485,28.5,-1.9285714285714295,0.26243654822335083,-17.149075081610437,2.072080981562523,-0.7182254196642693,1.1708721820363939,0.13352614015573203,6.994223608728054,17
smell_orange_2026-07-16_5.csv,orange_2026-07-16_5_t0,orange,fresh_plant,-42.843333333333334,-29.345000000000013,6.719999999999999,3.4983333333333206,-0.38916666666665733,2.9566666666666492,45.79999999999998,-2.9142857142857133,0.3751653310511162,-29.096959681253253,1.6065368406617875,-0.45833333333333315,1.449033202594828,0.3044048943270299,10.624852809437982,23
smell_orange_2026-07-16_6.csv,orange_2026-07-16_6_t0,orange,fresh_plant,-21.816666666666663,-8.574999999999989,4.47999999999999,2.0916666666666544,-0.29716666666666924,1.8833333333333258,23.69999999999999,-0.5357142857142857,0.41283422459893027,-14.910582070850891,0.009682564625529713,-0.24702380952381064,1.1495059325157426,-0.25074527252502715,5.604560395090966,56
